Transect,Plot #,Tree #,treeline pos.,Core,Species,Age,Status,Ht.,Decay,CONCLASS,Az.,x,y,2013 DBH,Dist.,AZMTH,x0,y0,X.calc,y.calc,x.abs,y.abs,BA 2013 (m^2/ha),Estab. Year,25% Death Date,50% Death Date,75% Death Date, 25% alive 1900,25% alive 1910, 25% alive 1920, 25% alive 1930, 25% alive 1940, 25% alive 1950, 25% alive 1960, 25% alive 1970, 25% alive 1980, 25% alive 1990, 25% alive 2000, 25% alive 2010,25% alive 2013,50% alive 1900,50% alive 1910,50% alive 1920,50% alive 1930,50% alive 1940,50% alive 1950,50% alive 1960,50% alive 1970,50% alive 1980,50% alive 1990,50% alive 2000,50% alive 2010,50% alive 2013,75% alive 1900,75% alive 1910,75% alive 1920,75% alive 1930,75% alive 1940,75% alive 1950,75% alive 1960,75% alive 1970,75% alive 1980,75% alive 1990,75% alive 2000,75% alive 2010,75% alive 2013
1,20,10,B,No,ABBI,113,6,-,2,8,124,0.9,656.8,22,0.96,261,0,657,-0.948180807,656.8498229,0.948180807,656.8498229,0.03801336,1900,1962,1987,2002,1,1,1,1,1,1,1,0,0,0,0,0,0,1,1,1,1,1,1,1,1,1,0,0,0,0,1,1,1,1,1,1,1,1,1,1,1,0,0
1,20,8,B,No,PIEN,143,6,-,7,8,114,0.4,650.6,40,6.41,176,0,657,0.447138997,650.6056144,0.447138997,650.6056144,0.125664,1870,1952,1983,2000,1,1,1,1,1,1,0,0,0,0,0,0,0,1,1,1,1,1,1,1,1,1,0,0,0,0,1,1,1,1,1,1,1,1,1,1,1,0,0
1,19,7,B,No,ABBI,142,6,-,4,8,47,7.1,637.2,39.3,12.11,216,0,647,-7.118079405,637.2028042,7.118079405,637.2028042,0.121304245,1871,1962,1987,2002,1,1,1,1,1,1,1,0,0,0,0,0,0,1,1,1,1,1,1,1,1,1,0,0,0,0,1,1,1,1,1,1,1,1,1,1,1,0,0
1,19,10,B,No,ABBI,123,6,-,7,8,132,7.6,641.2,28,9.57,233,0,647,-7.642941831,641.2406302,7.642941831,641.2406302,0.06157536,1890,1962,1987,2002,1,1,1,1,1,1,1,0,0,0,0,0,0,1,1,1,1,1,1,1,1,1,0,0,0,0,1,1,1,1,1,1,1,1,1,1,1,0,0
1,19,5,B,No,ABBI,156,2,3,2,3,-,0.3,637.4,47.5,9.65,182,0,647,-0.336780143,637.3558785,0.336780143,637.3558785,0.177205875,1857,2012,2012,2012,1,1,1,1,1,1,1,1,1,1,1,1,0,1,1,1,1,1,1,1,1,1,1,1,1,0,1,1,1,1,1,1,1,1,1,1,1,1,0
1,19,4,B,No,PIEN,178,2,2,2,3,-,1.5,640.0,60.3,7.13,192,0,647,-1.482410356,640.0258076,1.482410356,640.0258076,0.285578509,1835,2012,2012,2012,1,1,1,1,1,1,1,1,1,1,1,1,0,1,1,1,1,1,1,1,1,1,1,1,1,0,1,1,1,1,1,1,1,1,1,1,1,1,0
1,19,2,B,No,ABBI,108,2,4,2,3,-,2.2,643.9,19.4,3.78,215,0,647,-2.168118929,643.9036053,2.168118929,643.9036053,0.029559314,1905,2012,2012,2012,0,1,1,1,1,1,1,1,1,1,1,1,0,0,1,1,1,1,1,1,1,1,1,1,1,0,0,1,1,1,1,1,1,1,1,1,1,1,0
1,19,9,B,No,ABBI,105,2,5,2,3,-,7.7,640.8,17.4,9.92,231,0,647,-7.709287938,640.7571417,7.709287938,640.7571417,0.02377877,1908,2012,2012,2012,0,1,1,1,1,1,1,1,1,1,1,1,0,0,1,1,1,1,1,1,1,1,1,1,1,0,0,1,1,1,1,1,1,1,1,1,1,1,0
1,19,11,B,No,PIEN,140,6,-,5,8,131,5.6,644.6,38,6.05,247,0,647,-5.569054363,644.6360767,5.569054363,644.6360767,0.11341176,1873,1952,1983,2000,1,1,1,1,1,1,0,0,0,0,0,0,0,1,1,1,1,1,1,1,1,1,0,0,0,0,1,1,1,1,1,1,1,1,1,1,1,0,0
1,18,8,B,No,ABBI,131,6,-,5,8,119,3.3,635.0,32.6,3.9,239,0,637,-3.342952473,634.9913515,3.342952473,634.9913515,0.08346917,1882,1962,1987,2002,1,1,1,1,1,1,1,0,0,0,0,0,0,1,1,1,1,1,1,1,1,1,0,0,0,0,1,1,1,1,1,1,1,1,1,1,1,0,0
1,18,3,B,No,ABBI,172,2,3,2,3,-,0.5,629.1,56.9,7.87,184,0,637,-0.548983448,629.1491709,0.548983448,629.1491709,0.254281889,1841,2012,2012,2012,1,1,1,1,1,1,1,1,1,1,1,1,0,1,1,1,1,1,1,1,1,1,1,1,1,0,1,1,1,1,1,1,1,1,1,1,1,1,0
1,18,1,B,no,PIEN,157,2,2,4,4,-,0.1,633.7,48.2,3.26,181,0,637,-0.056894845,633.7404965,0.056894845,633.7404965,0.18246727,1856,2005,2009,2011,1,1,1,1,1,1,1,1,1,1,1,0,0,1,1,1,1,1,1,1,1,1,1,1,0,0,1,1,1,1,1,1,1,1,1,1,1,1,0
1,17,9,B,No,PIEN,145,2,-,2,3,-,4.5,621.7,40.9,6.96,220,0,627,-4.473801763,621.6683307,4.473801763,621.6683307,0.131382497,1868,2012,2012,2012,1,1,1,1,1,1,1,1,1,1,1,1,0,1,1,1,1,1,1,1,1,1,1,1,1,0,1,1,1,1,1,1,1,1,1,1,1,1,0
1,17,21,B,No,ABBI,97,6,-,4,8,124,7.2,622.8,12.9,8.31,240,0,627,-7.196671105,622.845,7.196671105,622.845,0.013069841,1916,1962,1987,2002,0,0,1,1,1,1,1,0,0,0,0,0,0,0,0,1,1,1,1,1,1,1,0,0,0,0,0,0,1,1,1,1,1,1,1,1,1,0,0
1,17,8,B,No,PIEN,100,2,-,2,3,-,4.2,621.7,14.7,6.75,218,0,627,-4.155714958,621.6809274,4.155714958,621.6809274,0.016971709,1913,2012,2012,2012,0,0,1,1,1,1,1,1,1,1,1,1,0,0,0,1,1,1,1,1,1,1,1,1,1,0,0,0,1,1,1,1,1,1,1,1,1,1,0
1,17,13,B,No,PIEN,85,2,-,2,3,-,6.5,618.6,5.4,10.61,218,0,627,-6.532168253,618.6392059,6.532168253,618.6392059,0.002290226,1928,2012,2012,2012,0,0,0,1,1,1,1,1,1,1,1,1,0,0,0,0,1,1,1,1,1,1,1,1,1,0,0,0,0,1,1,1,1,1,1,1,1,1,0
1,16,5,A,No,PIEN,188,3,-,5,6,-,4.0,460.9,66.5,16.57,194,0,477,-4.00864581,460.9221998,4.00864581,460.9221998,0.347323515,1825,1974,1993,2005,1,1,1,1,1,1,1,1,0,0,0,0,0,1,1,1,1,1,1,1,1,1,1,0,0,0,1,1,1,1,1,1,1,1,1,1,1,0,0
1,16,6,A,No,PIEN,191,2,-,5,4,-,4.5,468.9,68.4,9.3,209,0,477,-4.508729468,468.8660367,4.508729468,468.8660367,0.367454102,1822,2005,2009,2011,1,1,1,1,1,1,1,1,1,1,1,0,0,1,1,1,1,1,1,1,1,1,1,1,0,0,1,1,1,1,1,1,1,1,1,1,1,1,0
1,16,3,A,No,ABBI,99,6,-,2,8,334,0.3,462.6,14,14.44,181,0,477,-0.252012749,462.5621993,0.252012749,462.5621993,0.01539384,1914,1962,1987,2002,0,0,1,1,1,1,1,0,0,0,0,0,0,0,0,1,1,1,1,1,1,1,0,0,0,0,0,0,1,1,1,1,1,1,1,1,1,0,0
1,16,4,A,No,PIEN,177,6,-,7,8,13,4.1,461.6,60,15.9,195,0,477,-4.115222817,461.6417794,4.115222817,461.6417794,0.282744,1836,1952,1983,2000,1,1,1,1,1,1,0,0,0,0,0,0,0,1,1,1,1,1,1,1,1,1,0,0,0,0,1,1,1,1,1,1,1,1,1,1,1,0,0
1,15,34,A,No,ABBI,131,2,4,1,3,-,7.3,461.7,32.6,9.06,234,0,467,-7.329693969,461.6746656,7.329693969,461.6746656,0.08346917,1882,2012,2012,2012,1,1,1,1,1,1,1,1,1,1,1,1,0,1,1,1,1,1,1,1,1,1,1,1,1,0,1,1,1,1,1,1,1,1,1,1,1,1,0
1,15,38,A,No,ABBI,110,2,5,3,3,-,8.2,463.2,20.1,9.1,245,0,467,-8.247400862,463.1541738,8.247400862,463.1541738,0.031730945,1903,2012,2012,2012,0,1,1,1,1,1,1,1,1,1,1,1,0,0,1,1,1,1,1,1,1,1,1,1,1,0,0,1,1,1,1,1,1,1,1,1,1,1,0
1,15,37,A,No,ABBI,106,2,5,2,3,-,8.7,462.2,18,9.91,241,0,467,-8.667481298,462.1955367,8.667481298,462.1955367,0.02544696,1907,2012,2012,2012,0,1,1,1,1,1,1,1,1,1,1,1,0,0,1,1,1,1,1,1,1,1,1,1,1,0,0,1,1,1,1,1,1,1,1,1,1,1,0
1,15,36,A,No,ABBI,101,2,5,2,3,-,8.5,462.3,15.2,9.76,241,0,467,-8.536288342,462.2682581,8.536288342,462.2682581,0.018145882,1912,2012,2012,2012,0,0,1,1,1,1,1,1,1,1,1,1,0,0,0,1,1,1,1,1,1,1,1,1,1,0,0,0,1,1,1,1,1,1,1,1,1,1,0
1,15,40,A,No,ABBI,86,2,5,2,3,-,8.6,463.9,6,9.15,250,0,467,-8.59818748,463.8705157,8.59818748,463.8705157,0.00282744,1927,2012,2012,2012,0,0,0,1,1,1,1,1,1,1,1,1,0,0,0,0,1,1,1,1,1,1,1,1,1,0,0,0,0,1,1,1,1,1,1,1,1,1,0
1,14,12,A,No,ABBI,112,2,-,5,4,-,0.8,366.5,21.8,0.96,236,0,367,-0.79587607,366.4631748,0.79587607,366.4631748,0.03732535,1901,2005,2009,2011,0,1,1,1,1,1,1,1,1,1,1,0,0,0,1,1,1,1,1,1,1,1,1,1,0,0,0,1,1,1,1,1,1,1,1,1,1,1,0
1,14,19,A,No,ABBI,103,2,-,2,3,-,4.4,366.5,16.4,4.46,263,0,367,-4.426755836,366.4564627,4.426755836,366.4564627,0.021124118,1910,2012,2012,2012,0,1,1,1,1,1,1,1,1,1,1,1,0,0,1,1,1,1,1,1,1,1,1,1,1,0,0,1,1,1,1,1,1,1,1,1,1,1,0
1,14,2,A,No,ABBI,91,2,-,3,3,-,0.8,365.7,9.2,1.5,210,0,367,-0.75,365.7009619,0.75,365.7009619,0.006647626,1922,2012,2012,2012,0,0,0,1,1,1,1,1,1,1,1,1,0,0,0,0,1,1,1,1,1,1,1,1,1,0,0,0,0,1,1,1,1,1,1,1,1,1,0
1,14,52,A,No,PIEN,152,6,-,7,8,320,9.9,352.4,45,17.67,214,0,367,-9.880938604,352.3509061,9.880938604,352.3509061,0.1590435,1861,1952,1983,2000,1,1,1,1,1,1,0,0,0,0,0,0,0,1,1,1,1,1,1,1,1,1,0,0,0,0,1,1,1,1,1,1,1,1,1,1,1,0,0
1,14,43,A,No,PIEN,109,6,-,7,8,339,10.2,356.5,20,14.65,224,0,367,-10.17674513,356.4616719,10.17674513,356.4616719,0.031416,1904,1952,1983,2000,0,1,1,1,1,1,0,0,0,0,0,0,0,0,1,1,1,1,1,1,1,1,0,0,0,0,0,1,1,1,1,1,1,1,1,1,1,0,0
1,7,27,A,No,ABBI,92,6,-,3,8,238,5.9,46.0,10,15.2,203,0,60,-5.939113153,46.00832623,5.939113153,46.00832623,0.007854,1921,1962,1987,2002,0,0,0,1,1,1,1,0,0,0,0,0,0,0,0,0,1,1,1,1,1,1,0,0,0,0,0,0,0,1,1,1,1,1,1,1,1,0,0
1,7,14,A,No,ABBI,89,6,-,2,8,322,7.4,57.0,8,7.98,248,0,60,-7.398927159,57.01063938,7.398927159,57.01063938,0.00502656,1924,1962,1987,2002,0,0,0,1,1,1,1,0,0,0,0,0,0,0,0,0,1,1,1,1,1,1,0,0,0,0,0,0,0,1,1,1,1,1,1,1,1,0,0
1,7,28,A,No,ABBI,87,6,-,3,8,224,6.2,46.1,7,15.2,204,0,60,-6.182396975,46.11410904,6.182396975,46.11410904,0.00384846,1926,1962,1987,2002,0,0,0,1,1,1,1,0,0,0,0,0,0,0,0,0,1,1,1,1,1,1,0,0,0,0,0,0,0,1,1,1,1,1,1,1,1,0,0
1,7,29,A,No,ABBI,84,6,-,3,8,252,5.3,45.5,5,15.47,200,0,60,-5.291051617,45.46295516,5.291051617,45.46295516,0.0019635,1929,1962,1987,2002,0,0,0,1,1,1,1,0,0,0,0,0,0,0,0,0,1,1,1,1,1,1,0,0,0,0,0,0,0,1,1,1,1,1,1,1,1,0,0
1,7,23,A,No,ABBI,86,2,-,4,4,-,5.8,47.1,6.3,14.14,204,0,60,-5.751256133,47.08246723,5.751256133,47.08246723,0.003117253,1927,2005,2009,2011,0,0,0,1,1,1,1,1,1,1,1,0,0,0,0,0,1,1,1,1,1,1,1,1,0,0,0,0,0,1,1,1,1,1,1,1,1,1,0
1,5,3,A,No,ABBI,113,6,-,4,8,192,6.3,33.7,22,8.89,225,0,40,-6.286179285,33.71382072,6.286179285,33.71382072,0.03801336,1900,1962,1987,2002,1,1,1,1,1,1,1,0,0,0,0,0,0,1,1,1,1,1,1,1,1,1,0,0,0,0,1,1,1,1,1,1,1,1,1,1,1,0,0
1,5,2,A,No,ABBI,97,6,-,5,8,250,4.9,34.0,12.5,7.74,219,0,40,-4.870939827,33.98489026,4.870939827,33.98489026,0.012271875,1916,1962,1987,2002,0,0,1,1,1,1,1,0,0,0,0,0,0,0,0,1,1,1,1,1,1,1,0,0,0,0,0,0,1,1,1,1,1,1,1,1,1,0,0
1,5,1,A,No,ABBI,96,6,-,2,8,312,5.3,34.7,12,7.52,225,0,40,-5.317442995,34.68255701,5.317442995,34.68255701,0.01130976,1917,1962,1987,2002,0,0,1,1,1,1,1,0,0,0,0,0,0,0,0,1,1,1,1,1,1,1,0,0,0,0,0,0,1,1,1,1,1,1,1,1,1,0,0
2,22,3,B,No,ABBI,110,6,-,5,8,158,7.5,280.4,20.4,7.88,72,0,278,7.494325348,280.4350539,7.494325348,280.4350539,0.032685206,1903,1962,1987,2002,0,1,1,1,1,1,1,0,0,0,0,0,0,0,1,1,1,1,1,1,1,1,0,0,0,0,0,1,1,1,1,1,1,1,1,1,1,0,0
2,20,1,B,No,PIEN,177,6,-,-,8,-,1.2,259.0,60,1.63,50,0,258,1.248652442,259.0477438,1.248652442,259.0477438,0.282744,1836,1952,1983,2000,1,1,1,1,1,1,0,0,0,0,0,0,0,1,1,1,1,1,1,1,1,1,0,0,0,0,1,1,1,1,1,1,1,1,1,1,1,0,0
2,17,3,A,No,ABBI,109,3,-,4,6,-,10.3,234.4,19.6,12.09,58,0,228,10.25290148,234.4067239,10.25290148,234.4067239,0.030171926,1904,1979,1996,2006,0,1,1,1,1,1,1,1,0,0,0,0,0,0,1,1,1,1,1,1,1,1,1,0,0,0,0,1,1,1,1,1,1,1,1,1,1,0,0
2,17,5,A,no,ABBI,100,2,5,2,3,-,12.4,231.8,14.7,12.96,73,0,228,12.39370964,231.7891373,12.39370964,231.7891373,0.016971709,1913,2012,2012,2012,0,0,1,1,1,1,1,1,1,1,1,1,0,0,0,1,1,1,1,1,1,1,1,1,1,0,0,0,1,1,1,1,1,1,1,1,1,1,0
2,15,5,A,No,ABBI,126,6,-,6,8,70,4.4,204.4,30,5.66,129,0,208,4.398646142,204.4380466,4.398646142,204.4380466,0.070686,1887,1962,1987,2002,1,1,1,1,1,1,1,0,0,0,0,0,0,1,1,1,1,1,1,1,1,1,0,0,0,0,1,1,1,1,1,1,1,1,1,1,1,0,0
2,15,4,A,No,ABBI,116,6,-,3,8,141,3.2,203.8,23.8,5.32,143,0,208,3.201655923,203.7512591,3.201655923,203.7512591,0.044488198,1897,1962,1987,2002,1,1,1,1,1,1,1,0,0,0,0,0,0,1,1,1,1,1,1,1,1,1,0,0,0,0,1,1,1,1,1,1,1,1,1,1,1,0,0
2,15,3,A,No,ABBI,127,2,4,3,3,-,2.8,205.2,30.5,3.96,134,0,208,2.848585609,205.2491529,2.848585609,205.2491529,0.073061835,1886,2012,2012,2012,1,1,1,1,1,1,1,1,1,1,1,1,0,1,1,1,1,1,1,1,1,1,1,1,1,0,1,1,1,1,1,1,1,1,1,1,1,1,0
2,15,6,A,No,ABBI,126,2,3,2,3,-,4.9,204.0,30.1,6.33,129,0,208,4.919333936,204.0164019,4.919333936,204.0164019,0.071158025,1887,2012,2012,2012,1,1,1,1,1,1,1,1,1,1,1,1,0,1,1,1,1,1,1,1,1,1,1,1,1,0,1,1,1,1,1,1,1,1,1,1,1,1,0
2,15,11,A,No,ABBI,98,6,-,3,8,182,3.3,202.1,13,6.71,151,0,208,3.253072552,202.1313018,3.253072552,202.1313018,0.01327326,1915,1962,1987,2002,0,0,1,1,1,1,1,0,0,0,0,0,0,0,0,1,1,1,1,1,1,1,0,0,0,0,0,0,1,1,1,1,1,1,1,1,1,0,0
2,15,14,A,No,ABBI,94,6,-,5,8,75,4.9,205.8,11,5.35,114,0,208,4.887468198,205.823959,4.887468198,205.823959,0.00950334,1919,1962,1987,2002,0,0,1,1,1,1,1,0,0,0,0,0,0,0,0,1,1,1,1,1,1,1,0,0,0,0,0,0,1,1,1,1,1,1,1,1,1,0,0
2,15,7,A,No,ABBI,103,2,5,2,3,-,4.6,202.9,16.3,6.91,138,0,208,4.62369249,202.8648693,4.62369249,202.8648693,0.020867293,1910,2012,2012,2012,0,1,1,1,1,1,1,1,1,1,1,1,0,0,1,1,1,1,1,1,1,1,1,1,1,0,0,1,1,1,1,1,1,1,1,1,1,1,0
2,15,8,A,No,ABBI,93,2,5,3,3,-,5.2,203.8,10.6,6.74,129,0,208,5.23796378,203.7583806,5.23796378,203.7583806,0.008824754,1920,2012,2012,2012,0,0,1,1,1,1,1,1,1,1,1,1,0,0,0,1,1,1,1,1,1,1,1,1,1,0,0,0,1,1,1,1,1,1,1,1,1,1,0
2,14,8,A,No,ABBI,93,2,5,1,3,-,10.3,197.8,10.1,10.28,91,0,198,10.27843431,197.8205893,10.27843431,197.8205893,0.008011865,1920,2012,2012,2012,0,0,1,1,1,1,1,1,1,1,1,1,0,0,0,1,1,1,1,1,1,1,1,1,1,0,0,0,1,1,1,1,1,1,1,1,1,1,0
2,13,2,A,No,ABBI,96,6,-,5,8,134,4.4,188.2,12,4.36,87,0,188,4.354024772,188.2281848,4.354024772,188.2281848,0.01130976,1917,1962,1987,2002,0,0,1,1,1,1,1,0,0,0,0,0,0,0,0,1,1,1,1,1,1,1,0,0,0,0,0,0,1,1,1,1,1,1,1,1,1,0,0
2,11,5,A,No,PIEN,119,2,,5,4,-,12.1,166.9,25.9,12.16,95,0,168,12.11372753,166.9401862,12.11372753,166.9401862,0.052685417,1894,2005,2009,2011,1,1,1,1,1,1,1,1,1,1,1,0,0,1,1,1,1,1,1,1,1,1,1,1,0,0,1,1,1,1,1,1,1,1,1,1,1,1,0
2,10,3,A,No,ABBI,101,6,-,7,8,61,12.1,159.5,15,12.23,83,0,158,12.13883943,159.4904621,12.13883943,159.4904621,0.0176715,1912,1962,1987,2002,0,0,1,1,1,1,1,0,0,0,0,0,0,0,0,1,1,1,1,1,1,1,0,0,0,0,0,0,1,1,1,1,1,1,1,1,1,0,0
2,10,5,A,No,PIEN,110,2,5,5,4,-,9.3,159.3,20.4,9.43,82,0,158,9.338227888,159.3124023,9.338227888,159.3124023,0.032685206,1903,2005,2009,2011,0,1,1,1,1,1,1,1,1,1,1,0,0,0,1,1,1,1,1,1,1,1,1,1,0,0,0,1,1,1,1,1,1,1,1,1,1,1,0
2,8,4,A,No,ABBI,101,6,-,5,8,104,1.7,136.6,15,2.16,129,0,138,1.678635277,136.640668,1.678635277,136.640668,0.0176715,1912,1962,1987,2002,0,0,1,1,1,1,1,0,0,0,0,0,0,0,0,1,1,1,1,1,1,1,0,0,0,0,0,0,1,1,1,1,1,1,1,1,1,0,0
3,9,21,B,No,PIEN,104,6,-,4,8,195,0.0,119.2,17.1,10.79,180,0,130,1.32194E-15,119.21,1.32194E-15,119.21,0.022965881,1909,1952,1983,2000,0,1,1,1,1,1,0,0,0,0,0,0,0,0,1,1,1,1,1,1,1,1,0,0,0,0,0,1,1,1,1,1,1,1,1,1,1,0,0
3,9,15,B,No,PIEN,86,6,-,3,8,244,0.0,121.1,6.4,8.95,180,0,130,1.09651E-15,121.05,1.09651E-15,121.05,0.003216998,1927,1952,1983,2000,0,0,0,1,1,1,0,0,0,0,0,0,0,0,0,0,1,1,1,1,1,1,0,0,0,0,0,0,0,1,1,1,1,1,1,1,1,0,0
3,5,6,B,No,PIEN,112,3,-,2,6,-,3.6,83.8,21.4,7.2,150,0,90,3.6,83.76461709,3.6,83.76461709,0.035968178,1901,1974,1993,2005,0,1,1,1,1,1,1,1,0,0,0,0,0,0,1,1,1,1,1,1,1,1,1,0,0,0,0,1,1,1,1,1,1,1,1,1,1,0,0
3,5,11,B,No,PIEN,106,6,-,7,8,122,1.0,84.5,18,5.55,170,0,90,0.963747386,84.53431697,0.963747386,84.53431697,0.02544696,1907,1952,1983,2000,0,1,1,1,1,1,0,0,0,0,0,0,0,0,1,1,1,1,1,1,1,1,0,0,0,0,0,1,1,1,1,1,1,1,1,1,1,0,0
3,5,18,B,No,PIEN,87,6,-,4,8,246,0.1,83.7,6.7,6.34,179,0,90,0.110648257,83.66096561,0.110648257,83.66096561,0.003525661,1926,1952,1983,2000,0,0,0,1,1,1,0,0,0,0,0,0,0,0,0,0,1,1,1,1,1,1,0,0,0,0,0,0,0,1,1,1,1,1,1,1,1,0,0
3,3,29,A,No,ABBI,101,6,-,2,8,344,2.9,11.2,15,9.28,162,0,20,2.867677708,11.17419553,2.867677708,11.17419553,0.0176715,1912,1962,1987,2002,0,0,1,1,1,1,1,0,0,0,0,0,0,0,0,1,1,1,1,1,1,1,0,0,0,0,0,0,1,1,1,1,1,1,1,1,1,0,0
3,3,28,A,No,ABBI,100,6,-,2,8,74,3.1,10.5,14.5,9.96,162,0,20,3.077809264,10.5274771,3.077809264,10.5274771,0.016513035,1913,1962,1987,2002,0,0,1,1,1,1,1,0,0,0,0,0,0,0,0,1,1,1,1,1,1,1,0,0,0,0,0,0,1,1,1,1,1,1,1,1,1,0,0
3,3,25,A,No,ABBI,95,6,-,4,8,120,5.4,11.1,11.5,10.44,149,0,20,5.376997502,11.05117338,5.376997502,11.05117338,0.010386915,1918,1962,1987,2002,0,0,1,1,1,1,1,0,0,0,0,0,0,0,0,1,1,1,1,1,1,1,0,0,0,0,0,0,1,1,1,1,1,1,1,1,1,0,0
3,3,24,A,No,ABBI,87,2,5,1,3,-,5.0,11.4,6.5,9.96,150,0,20,4.98,11.37438698,4.98,11.37438698,0.003318315,1926,2012,2012,2012,0,0,0,1,1,1,1,1,1,1,1,1,0,0,0,0,1,1,1,1,1,1,1,1,1,0,0,0,0,1,1,1,1,1,1,1,1,1,0
3,3,23,A,No,ABBI,86,2,5,2,3,-,4.5,11.8,6.1,9.32,151,0,20,4.518425661,11.84854433,4.518425661,11.84854433,0.002922473,1927,2012,2012,2012,0,0,0,1,1,1,1,1,1,1,1,1,0,0,0,0,1,1,1,1,1,1,1,1,1,0,0,0,0,1,1,1,1,1,1,1,1,1,0
3,3,22,A,No,PIEN,101,6,-,4,8,98,4.0,13.0,15,8.04,150,0,20,4.02,13.03715575,4.02,13.03715575,0.0176715,1912,1952,1983,2000,0,0,1,1,1,1,0,0,0,0,0,0,0,0,0,1,1,1,1,1,1,1,0,0,0,0,0,0,1,1,1,1,1,1,1,1,1,0,0
3,2,22,A,No,ABBI,109,6,-,5,8,180,6.5,4.0,20,15.48,155,0,10,6.542130692,-4.029644543,6.542130692,4.029644543,0.031416,1904,1962,1987,2002,0,1,1,1,1,1,1,0,0,0,0,0,0,0,1,1,1,1,1,1,1,1,0,0,0,0,0,1,1,1,1,1,1,1,1,1,1,0,0
3,2,21,A,No,PIEN,94,6,-,6,8,127,10.1,3.4,11.2,16.74,143,0,10,10.07438349,-3.369158438,10.07438349,3.369158438,0.009852058,1919,1952,1983,2000,0,0,1,1,1,1,0,0,0,0,0,0,0,0,0,1,1,1,1,1,1,1,0,0,0,0,0,0,1,1,1,1,1,1,1,1,1,0,0
3,1,7,A,No,ABBI,101,6,-,5,8,85,2.5,10.2,14.9,10.54,166,0,0,2.54985678,-10.22691695,2.54985678,10.22691695,0.017436665,1912,1962,1987,2002,0,0,1,1,1,1,1,0,0,0,0,0,0,0,0,1,1,1,1,1,1,1,0,0,0,0,0,0,1,1,1,1,1,1,1,1,1,0,0
3,1,21,A,No,PIEN,128,6,-,5,8,104,3.0,14.3,31,14.66,168,0,0,3.047985387,-14.33964383,3.047985387,14.33964383,0.07547694,1885,1952,1983,2000,1,1,1,1,1,1,0,0,0,0,0,0,0,1,1,1,1,1,1,1,1,1,0,0,0,0,1,1,1,1,1,1,1,1,1,1,1,0,0
3,1,22,A,No,PIEN,104,6,-,5,8,148,3.1,14.5,17,14.78,168,0,0,3.07293479,-14.45702154,3.07293479,14.45702154,0.02269806,1909,1952,1983,2000,0,1,1,1,1,1,0,0,0,0,0,0,0,0,1,1,1,1,1,1,1,1,0,0,0,0,0,1,1,1,1,1,1,1,1,1,1,0,0
3,1,20,A,No,PIEN,98,6,-,5,8,258,2.0,13.9,13,14.02,172,0,0,1.951206875,-13.88355832,1.951206875,13.88355832,0.01327326,1915,1952,1983,2000,0,0,1,1,1,1,0,0,0,0,0,0,0,0,0,1,1,1,1,1,1,1,0,0,0,0,0,0,1,1,1,1,1,1,1,1,1,0,0
4,11,7,B,No,PIEN,96,3,-,5,6,300,,,12,9.17,270,0,,,,,,0.01130976,1917,1974,1993,2005,0,0,1,1,1,1,1,1,0,0,0,0,0,0,0,1,1,1,1,1,1,1,1,0,0,0,0,0,1,1,1,1,1,1,1,1,1,0,0
4,8,10,B,No,PIEN,118,6,-,7,8,79,,,25,4.12,211,0,,,,,,0.0490875,1895,1952,1983,2000,1,1,1,1,1,1,0,0,0,0,0,0,0,1,1,1,1,1,1,1,1,1,0,0,0,0,1,1,1,1,1,1,1,1,1,1,1,0,0
4,8,12,B,No,PIEN,113,6,-,6,8,138,,,22,9.05,243,0,,,,,,0.03801336,1900,1952,1983,2000,1,1,1,1,1,1,0,0,0,0,0,0,0,1,1,1,1,1,1,1,1,1,0,0,0,0,1,1,1,1,1,1,1,1,1,1,1,0,0
4,7,15,B,No,PIEN,118,6,-,7,8,84,,,25,7.93,243,0,,,,,,0.0490875,1895,1952,1983,2000,1,1,1,1,1,1,0,0,0,0,0,0,0,1,1,1,1,1,1,1,1,1,0,0,0,0,1,1,1,1,1,1,1,1,1,1,1,0,0
4,7,16,B,No,PIEN,101,6,-,7,8,100,,,15,8.71,240,0,,,,,,0.0176715,1912,1952,1983,2000,0,0,1,1,1,1,0,0,0,0,0,0,0,0,0,1,1,1,1,1,1,1,0,0,0,0,0,0,1,1,1,1,1,1,1,1,1,0,0
4,4,3,A,No,PIEN,96,6,-,7,8,130,,,12,12.71,246,0,,,,,,0.01130976,1917,1952,1983,2000,0,0,1,1,1,1,0,0,0,0,0,0,0,0,0,1,1,1,1,1,1,1,0,0,0,0,0,0,1,1,1,1,1,1,1,1,1,0,0
4,4,2,A,No,PIEN,91,6,-,7,8,64,,,9,16.55,277,0,,,,,,0.00636174,1922,1952,1983,2000,0,0,0,1,1,1,0,0,0,0,0,0,0,0,0,0,1,1,1,1,1,1,0,0,0,0,0,0,0,1,1,1,1,1,1,1,1,0,0
4,1,3,A,No,PIEN,96,6,-,6,8,106,,,12,7.75,267,0,,,,,,0.01130976,1917,1952,1983,2000,0,0,1,1,1,1,0,0,0,0,0,0,0,0,0,1,1,1,1,1,1,1,0,0,0,0,0,0,1,1,1,1,1,1,1,1,1,0,0
5,9,16,A,,PIEN,108,6,-,6,8,50,1.5,4.3,19,,,0,,,,,,0.02835294,1905,1952,1983,2000,0,1,1,1,1,1,0,0,0,0,0,0,0,0,1,1,1,1,1,1,1,1,0,0,0,0,0,1,1,1,1,1,1,1,1,1,1,0,0
5,9,11,A,,PIEN,92,6,-,6,8,160,3.6,5.5,10,,,0,,,,,,0.007854,1921,1952,1983,2000,0,0,0,1,1,1,0,0,0,0,0,0,0,0,0,0,1,1,1,1,1,1,0,0,0,0,0,0,0,1,1,1,1,1,1,1,1,0,0
5,8,9,A,,PIEN,109,6,-,6,8,350,6.7,5.0,19.5,,,0,,,,,,0.029864835,1904,1952,1983,2000,0,1,1,1,1,1,0,0,0,0,0,0,0,0,1,1,1,1,1,1,1,1,0,0,0,0,0,1,1,1,1,1,1,1,1,1,1,0,0
5,8,8,A,,PIEN,106,6,-,6,8,141,10.0,6.5,18,,,0,,,,,,0.02544696,1907,1952,1983,2000,0,1,1,1,1,1,0,0,0,0,0,0,0,0,1,1,1,1,1,1,1,1,0,0,0,0,0,1,1,1,1,1,1,1,1,1,1,0,0
5,8,10,A,,PIEN,105,6,-,6,8,360,8.2,3.1,17.5,,,0,,,,,,0.024052875,1908,1952,1983,2000,0,1,1,1,1,1,0,0,0,0,0,0,0,0,1,1,1,1,1,1,1,1,0,0,0,0,0,1,1,1,1,1,1,1,1,1,1,0,0
5,8,7,A,,PIEN,104,6,-,6,8,300,10.9,7.2,17,,,0,,,,,,0.02269806,1909,1952,1983,2000,0,1,1,1,1,1,0,0,0,0,0,0,0,0,1,1,1,1,1,1,1,1,0,0,0,0,0,1,1,1,1,1,1,1,1,1,1,0,0
5,8,6,A,,PIEN,101,6,-,6,8,100,11.5,8.5,15,,,0,,,,,,0.0176715,1912,1952,1983,2000,0,0,1,1,1,1,0,0,0,0,0,0,0,0,0,1,1,1,1,1,1,1,0,0,0,0,0,0,1,1,1,1,1,1,1,1,1,0,0
5,7,6,A,,PIEN,126,6,-,2,8,360,18.0,4.8,30,,,0,,,,,,0.070686,1887,1952,1983,2000,1,1,1,1,1,1,0,0,0,0,0,0,0,1,1,1,1,1,1,1,1,1,0,0,0,0,1,1,1,1,1,1,1,1,1,1,1,0,0
5,6,24,A,,PIEN,124,2,5,2,3,-,5.4,9.9,28.6,,,0,,,,,,0.064242578,1889,2012,2012,2012,1,1,1,1,1,1,1,1,1,1,1,1,0,1,1,1,1,1,1,1,1,1,1,1,1,0,1,1,1,1,1,1,1,1,1,1,1,1,0
5,6,3,A,,PIEN,92,3,-,5,6,-,17.4,1.7,10,,,0,,,,,,0.007854,1921,1974,1993,2005,0,0,0,1,1,1,1,1,0,0,0,0,0,0,0,0,1,1,1,1,1,1,1,0,0,0,0,0,0,1,1,1,1,1,1,1,1,0,0
5,6,18,A,,PIEN,118,6,-,6,8,300,8.5,7.2,25,,,0,,,,,,0.0490875,1895,1952,1983,2000,1,1,1,1,1,1,0,0,0,0,0,0,0,1,1,1,1,1,1,1,1,1,0,0,0,0,1,1,1,1,1,1,1,1,1,1,1,0,0
5,6,11,A,,PIEN,107,6,-,6,8,160,11.1,8.0,18.4,,,0,,,,,,0.026590502,1906,1952,1983,2000,0,1,1,1,1,1,0,0,0,0,0,0,0,0,1,1,1,1,1,1,1,1,0,0,0,0,0,1,1,1,1,1,1,1,1,1,1,0,0
5,2,14,A,,ABBI,109,6,-,6,8,-,10.0,9.3,20,,,0,,,,,,0.031416,1904,1962,1987,2002,0,1,1,1,1,1,1,0,0,0,0,0,0,0,1,1,1,1,1,1,1,1,0,0,0,0,0,1,1,1,1,1,1,1,1,1,1,0,0
5,2,23,A,,ABBI,101,6,-,6,8,-,10.9,4.7,15,,,0,,,,,,0.0176715,1912,1962,1987,2002,0,0,1,1,1,1,1,0,0,0,0,0,0,0,0,1,1,1,1,1,1,1,0,0,0,0,0,0,1,1,1,1,1,1,1,1,1,0,0
5,2,29,A,,ABBI,96,6,-,6,8,-,12.1,9.4,12,,,0,,,,,,0.01130976,1917,1962,1987,2002,0,0,1,1,1,1,1,0,0,0,0,0,0,0,0,1,1,1,1,1,1,1,0,0,0,0,0,0,1,1,1,1,1,1,1,1,1,0,0
5,2,9,A,,ABBI,96,3,,3,6,-,7.0,7.7,12,,,0,,,,,,0.01130976,1917,1979,1996,2006,0,0,1,1,1,1,1,1,0,0,0,0,0,0,0,1,1,1,1,1,1,1,1,0,0,0,0,0,1,1,1,1,1,1,1,1,1,0,0
5,1,25,A,,ABBI,89,2,-,2,3,1,9.3,8.0,7.8,,,0,,,,,,0.004778374,1924,2012,2012,2012,0,0,0,1,1,1,1,1,1,1,1,1,0,0,0,0,1,1,1,1,1,1,1,1,1,0,0,0,0,1,1,1,1,1,1,1,1,1,0
5,1,3,A,,PIEN,101,6,-,6,8,310,12.7,1.9,15,,,0,,,,,,0.0176715,1912,1952,1983,2000,0,0,1,1,1,1,0,0,0,0,0,0,0,0,0,1,1,1,1,1,1,1,0,0,0,0,0,0,1,1,1,1,1,1,1,1,1,0,0
